date,action,symbol,price,shares
2017-03-22,BUY,AMD,14.3952,23137.2201
2017-03-22,BUY,MU,26.1432,12740.0604
2017-03-22,BUY,CSX,14.0632,23683.4484
2017-04-04,SELL,CSX,14.3175,23683.4484
2017-04-05,BUY,TSLA,19.2507,17586.0711
2017-04-11,SELL,MU,27.2668,12740.0604
2017-04-12,BUY,VRTX,113.9168,3044.5279
2017-05-02,SELL,VRTX,117.4972,3044.5279
2017-05-03,BUY,LRCX,13.7045,26060.7867
2017-05-09,SELL,AMD,10.3932,23137.2201
2017-05-09,SELL,TSLA,20.9644,17586.0711
2017-05-10,BUY,WDC,82.3667,3691.8551
2017-05-10,BUY,CSX,15.6588,19419.517
2017-05-16,SELL,WDC,81.8332,3691.8551
2017-05-16,SELL,CSX,15.4771,19419.517
2017-05-17,BUY,NVDA,3.0922,97294.8718
2017-05-17,BUY,AMAT,40.4342,7440.5724
2017-05-31,SELL,LRCX,14.1693,26060.7867
2017-05-31,SELL,AMAT,43.4817,7440.5724
2017-06-01,BUY,TSLA,22.2114,15570.3484
2017-06-01,BUY,ADSK,110.2484,3136.9131
2017-06-13,SELL,ADSK,104.9033,3136.9131
2017-06-14,BUY,MU,31.1592,10544.0737
2017-06-27,SELL,MU,31.7611,10544.0737
2017-06-28,BUY,REGN,515.9531,648.031
2017-07-05,SELL,NVDA,3.467,97294.8718
2017-07-05,SELL,REGN,499.676,648.031
2017-07-06,BUY,CSX,16.5894,19894.165
2017-07-06,BUY,ISRG,101.7358,3244.01
2017-07-11,SELL,TSLA,21.3533,15570.3484
2017-07-11,SELL,CSX,16.4526,19894.165
2017-07-12,BUY,NVDA,3.9386,83624.7204
2017-07-12,BUY,REGN,499.6659,659.1717
2017-07-18,SELL,ISRG,103.0255,3244.01
2017-07-19,BUY,PYPL,57.9822,5754.8621
2017-07-25,SELL,REGN,516.2147,659.1717
2017-07-25,SELL,PYPL,57.8927,5754.8621
2017-07-26,BUY,VRTX,162.0781,2074.1796
2017-07-26,BUY,NFLX,17.954,18724.4294
2017-08-01,SELL,NFLX,17.2846,18724.4294
2017-08-02,BUY,PYPL,58.7473,5500.2505
2017-08-15,SELL,PYPL,59.3137,5500.2505
2017-08-16,BUY,CHTR,405.5354,803.177
2017-08-22,SELL,NVDA,3.9431,83624.7204
2017-08-23,BUY,PYPL,59.6714,5517.0039
2017-08-29,SELL,VRTX,151.6346,2074.1796
2017-08-29,SELL,CHTR,393.4335,803.177
2017-08-30,BUY,NVDA,4.019,78316.1331
2017-08-30,BUY,ISRG,108.4007,2903.5892
2017-09-06,SELL,ISRG,111.2662,2903.5892
2017-09-07,BUY,GILD,72.7056,4436.4264
2017-09-19,SELL,GILD,70.4382,4436.4264
2017-09-20,BUY,LRCX,15.8862,19639.1826
2017-09-26,SELL,LRCX,15.5575,19639.1826
2017-09-27,BUY,GILD,71.782,4249.6185
2017-10-03,SELL,PYPL,63.8152,5517.0039
2017-10-03,SELL,GILD,71.2085,4249.6185
2017-10-04,BUY,MU,39.6863,8234.92
2017-10-04,BUY,LRCX,16.988,19237.8753
2017-10-10,SELL,LRCX,16.977,19237.8753
2017-10-11,BUY,PYPL,67.3527,4841.3395
2017-10-17,SELL,PYPL,66.2497,4841.3395
2017-10-18,BUY,LRCX,18.4084,17395.4275
2017-11-07,SELL,LRCX,19.2072,17395.4275
2017-11-08,BUY,PYPL,74.2986,4489.7453
2017-11-14,SELL,PYPL,74.0204,4489.7453
2017-11-15,BUY,LRCX,19.0851,17385.2442
2017-11-21,SELL,LRCX,20.0997,17385.2442
2017-11-22,BUY,TTWO,131.6709,2649.6193
2017-11-28,SELL,NVDA,5.1148,78316.1331
2017-11-28,SELL,TTWO,129.7172,2649.6193
2017-11-29,BUY,MRVL,21.294,17448.1743
2017-11-29,BUY,PYPL,72.7882,5104.4102
2017-12-05,SELL,MU,41.3416,8234.92
2017-12-05,SELL,PYPL,70.7512,5104.4102
2017-12-06,BUY,QCOM,55.9312,6261.8216
2017-12-06,BUY,MAR,116.8138,2998.198
2017-12-12,SELL,QCOM,55.8279,6261.8216
2017-12-12,SELL,MAR,118.1536,2998.198
2017-12-13,BUY,MU,42.1842,8328.9694
2017-12-13,BUY,PYPL,73.6229,4772.3078
2017-12-19,SELL,MU,44.1204,8328.9694
2017-12-20,BUY,INTC,41.6523,8808.3484
2017-12-27,SELL,MRVL,21.1984,17448.1743
2017-12-27,SELL,PYPL,74.1198,4772.3078
2017-12-28,BUY,MAR,125.3202,2882.3532
2017-12-28,BUY,TXN,93.9676,3844.0617
2018-01-03,SELL,MAR,125.2101,2882.3532
2018-01-04,BUY,TTWO,127.2945,2830.607
2018-01-09,SELL,INTC,38.2017,8808.3484
2018-01-09,SELL,TTWO,128.2881,2830.607
2018-01-10,BUY,NVDA,5.4297,64322.7823
2018-01-10,BUY,WMT,25.2167,13850.0565
2018-01-17,SELL,NVDA,5.4549,64322.7823
2018-01-17,SELL,WMT,25.9833,13850.0565
2018-01-18,BUY,AMZN,62.5027,5676.6004
2018-01-18,BUY,MAR,129.5046,2739.6938
2018-01-23,SELL,AMZN,65.8479,5676.6004
2018-01-23,SELL,MAR,133.7899,2739.6938
2018-01-24,BUY,PYPL,83.1823,4442.9408
2018-01-24,BUY,ISRG,142.835,2587.4189
2018-01-30,SELL,TXN,99.0579,3844.0617
2018-01-30,SELL,PYPL,83.2519,4442.9408
2018-01-30,SELL,ISRG,139.6876,2587.4189
2018-01-31,BUY,NFLX,25.6663,14419.8924
2018-01-31,BUY,AMZN,70.1176,5278.3391
2018-01-31,BUY,NVDA,5.9666,62029.0775
2018-02-06,SELL,NVDA,5.4758,62029.0775
2018-02-07,BUY,MAR,128.1373,2646.4911
2018-02-09,SELL,NFLX,23.6883,14419.8924
2018-02-09,SELL,AMZN,64.7393,5278.3391
2018-02-09,SELL,MAR,125.0633,2646.4911
2018-02-14,BUY,NFLX,25.258,13364.1186
2018-02-14,BUY,AMZN,70.1254,4813.5259
2018-02-14,BUY,NVDA,5.8603,57599.3926
2018-02-27,SELL,NVDA,5.9767,57599.3926
2018-02-28,BUY,CSCO,38.9856,8816.0553
2018-03-06,SELL,CSCO,38.559,8816.0553
2018-03-07,BUY,MU,54.1423,6268.5389
2018-03-26,SELL,NFLX,30.4187,13364.1186
2018-03-26,SELL,AMZN,75.1905,4813.5259
2018-03-26,SELL,MU,55.7374,6268.5389
2018-03-28,BUY,NFLX,27.1352,13709.7433
2018-03-28,BUY,AMZN,69.1767,5377.7745
2018-03-28,BUY,MU,51.6544,7202.035
2018-03-29,SELL,NFLX,28.0449,13709.7433
2018-03-29,SELL,AMZN,69.9461,5377.7745
2018-03-29,SELL,MU,52.3065,7202.035
2018-04-18,BUY,NFLX,31.7642,11916.2369
2018-04-18,BUY,ADBE,228.0321,1659.8992
2018-04-18,BUY,INTC,47.2693,8007.5237
2018-04-24,SELL,ADBE,214.9974,1659.8992
2018-04-24,SELL,INTC,45.3648,8007.5237
2018-04-25,BUY,AMZN,70.5661,5094.3607
2018-04-25,BUY,PANW,29.7398,12087.8113
2018-04-25,SELL,NFLX,29.0333,11916.2369
2018-04-25,SELL,AMZN,70.5661,5094.3607
2018-04-25,SELL,PANW,29.7398,12087.8113
2018-05-02,BUY,AMZN,75.8584,4672.0277
2018-05-02,BUY,NFLX,29.755,11911.0284
2018-05-02,BUY,PANW,30.6981,11545.1024
2018-05-08,SELL,PANW,31.4956,11545.1024
2018-05-09,BUY,CSCO,40.4048,8984.9944
2018-05-15,SELL,CSCO,39.9134,8984.9944
2018-05-16,BUY,ADBE,234.2386,1528.5523
2018-05-22,SELL,AMZN,76.4248,4672.0277
2018-05-23,BUY,AMD,13.3743,26654.5546
2018-05-30,SELL,AMD,14.1094,26654.5546
2018-05-31,BUY,MU,57.7739,6499.0634
2018-06-05,SELL,ADBE,249.3453,1528.5523
2018-06-06,BUY,AMD,15.9981,23785.6784
2018-06-19,SELL,MU,59.4392,6499.0634
2018-06-20,BUY,ADBE,247.9047,1555.756
2018-06-26,SELL,ADBE,239.0341,1555.756
2018-06-27,BUY,AMZN,80.248,4626.6839
2018-07-31,SELL,NFLX,32.0425,11911.0284
2018-08-01,BUY,CSX,21.7921,17485.5019
2018-08-07,SELL,AMZN,90.0087,4626.6839
2018-08-08,BUY,AAPL,48.187,8628.3438
2018-08-14,SELL,AAPL,48.9393,8628.3438
2018-08-15,BUY,AMZN,90.982,4633.7522
2018-08-21,SELL,AMZN,91.0206,4633.7522
2018-08-22,BUY,AAPL,50.1759,8392.2918
2018-08-28,SELL,AAPL,51.2608,8392.2918
2018-08-29,BUY,ADSK,151.8391,2828.6924
2018-09-05,SELL,CSX,22.9953,17485.5019
2018-09-05,SELL,ADSK,145.6551,2828.6924
2018-09-06,BUY,AMZN,94.6399,4294.1369
2018-09-06,BUY,AAPL,52.0541,7807.1907
2018-09-11,SELL,AMZN,96.0336,4294.1369
2018-09-11,SELL,AAPL,52.2291,7807.1907
2018-09-12,BUY,COST,198.4472,2063.0912
2018-09-12,BUY,PANW,36.8692,11104.5015
2018-09-18,SELL,COST,191.8252,2063.0912
2018-09-19,BUY,QCOM,65.5572,6027.0777
2018-09-25,SELL,PANW,35.847,11104.5015
2018-09-26,BUY,ISRG,185.9519,2137.2421
2018-10-09,SELL,ISRG,173.4374,2137.2421
2018-10-10,BUY,CSX,21.5283,17190.502
2018-10-12,SELL,AMD,26.8915,23785.6784
2018-10-12,SELL,QCOM,56.9088,6027.0777
2018-10-12,SELL,CSX,21.7264,17190.502
2018-10-17,BUY,AMD,27.8716,16192.585
2018-10-17,BUY,FTNT,16.01,28189.4839
2018-10-17,BUY,ROST,95.084,4746.4753
2018-10-23,SELL,ROST,94.2897,4746.4753
2018-10-24,BUY,AAPL,50.1852,8903.537
2018-10-25,SELL,AMD,19.6735,16192.585
2018-10-25,SELL,FTNT,15.9002,28189.4839
2018-10-25,SELL,AAPL,51.2842,8903.537
2018-12-06,BUY,SBUX,61.1982,6652.8797
2018-12-06,BUY,AMD,21.746,18722.7105
2018-12-06,BUY,WDAY,155.48,2618.6276
2018-12-07,SELL,SBUX,60.205,6652.8797
2018-12-07,SELL,AMD,19.8675,18722.7105
2018-12-07,SELL,WDAY,148.3593,2618.6276
2019-02-21,BUY,AVGO,24.4208,15821.8332
2019-02-21,BUY,LRCX,16.8253,22964.3667
2019-02-21,BUY,AMD,24.4209,15821.7903
2019-02-26,SELL,LRCX,16.8008,22964.3667
2019-02-27,BUY,INTU,240.2602,1603.2665
2019-03-05,SELL,AMD,23.9921,15821.7903
2019-03-06,BUY,PANW,36.5899,10357.7452
2019-03-08,SELL,AVGO,22.9648,15821.8332
2019-03-08,SELL,INTU,236.4426,1603.2665
2019-03-08,SELL,PANW,36.6195,10357.7452
2019-03-13,BUY,PANW,37.8868,9853.219
2019-03-13,BUY,INTU,243.9143,1530.4856
2019-03-13,BUY,AVGO,23.575,15834.8734
2019-03-19,SELL,PANW,37.8478,9853.219
2019-03-20,BUY,LRCX,16.637,22379.2728
2019-03-26,SELL,INTU,246.1645,1530.4856
2019-03-27,BUY,WDAY,175.4085,2144.4053
2019-04-02,SELL,WDAY,179.2001,2144.4053
2019-04-03,BUY,INTU,258.7521,1482.7365
2019-04-09,SELL,INTU,249.4124,1482.7365
2019-04-10,BUY,AMD,28.4127,12994.8655
2019-04-16,SELL,AMD,28.5148,12994.8655
2019-04-17,BUY,MRVL,24.2888,15231.3601
2019-04-23,SELL,AVGO,27.6822,15834.8734
2019-04-23,SELL,LRCX,18.4395,22379.2728
2019-04-24,BUY,QCOM,78.5989,5404.9271
2019-04-24,BUY,MCHP,47.547,8934.7645
2019-04-30,SELL,MCHP,48.0521,8934.7645
2019-05-01,BUY,LRCX,19.3086,22199.7667
2019-05-14,SELL,LRCX,18.218,22199.7667
2019-05-15,BUY,PYPL,110.7971,3644.3795
2019-05-21,SELL,MRVL,21.8765,15231.3601
2019-05-22,BUY,META,177.9522,1869.4619
2019-05-29,SELL,QCOM,59.5262,5404.9271
2019-05-29,SELL,META,174.9467,1869.4619
2019-05-30,BUY,AMD,28.6169,11317.5999
2019-05-30,BUY,WDAY,192.2669,1684.5066
2019-06-03,SELL,PYPL,104.8548,3644.3795
2019-06-03,SELL,AMD,28.1575,11317.5999
2019-06-03,SELL,WDAY,177.443,1684.5066
2019-06-12,BUY,AMD,32.8538,10126.7338
2019-06-12,BUY,LIN,193.0937,1723.0072
2019-06-12,BUY,PYPL,113.7782,2924.127
2019-06-25,SELL,LIN,194.1564,1723.0072
2019-06-25,SELL,PYPL,113.7186,2924.127
2019-06-26,BUY,QCOM,68.4652,4863.7129
2019-06-26,BUY,META,180.1992,1847.9275
2019-07-02,SELL,META,187.2474,1847.9275
2019-07-03,BUY,WDC,47.4802,7275.968
2019-07-09,SELL,WDC,50.9862,7275.968
2019-07-10,BUY,META,194.6701,1902.5997
2019-07-16,SELL,META,195.7359,1902.5997
2019-07-17,BUY,WDC,50.9962,7290.9369
2019-07-23,SELL,QCOM,67.707,4863.7129
2019-07-24,BUY,MU,48.1432,6829.188
2019-07-30,SELL,MU,47.6115,6829.188
2019-07-31,BUY,SBUX,87.9357,3691.6296
2019-08-06,SELL,AMD,29.4643,10126.7338
2019-08-07,BUY,COST,226.2769,1316.5202
2019-08-13,SELL,WDC,55.0667,7290.9369
2019-08-13,SELL,COST,227.8938,1316.5202
2019-08-14,BUY,AMD,30.8732,11342.9982
2019-08-14,BUY,AMGN,183.2432,1911.0922
2019-08-20,SELL,AMD,31.3632,11342.9982
2019-08-21,BUY,WDC,55.8095,6364.1897
2019-08-27,SELL,WDC,52.1549,6364.1897
2019-08-28,BUY,QCOM,67.9171,4879.35
2019-09-04,SELL,AMGN,190.1078,1911.0922
2019-09-04,SELL,QCOM,70.42,4879.35
2019-09-05,BUY,WDC,61.3558,5751.5582
2019-09-05,BUY,COST,245.5199,1437.3242
2019-09-10,SELL,SBUX,84.2233,3691.6296
2019-09-10,SELL,COST,245.5447,1437.3242
2019-09-11,BUY,MU,50.6412,6543.9195
2019-09-11,BUY,LRCX,22.2816,14872.9069
2019-10-01,SELL,MU,42.435,6543.9195
2019-10-02,BUY,KLAC,15.0294,18446.845
2019-10-08,SELL,WDC,55.4757,5751.5582
2019-10-08,SELL,KLAC,14.9781,18446.845
2019-10-09,BUY,AMAT,49.8845,5957.8996
2019-10-09,BUY,AAPL,53.7931,5524.9996
2019-10-22,SELL,AMAT,51.0031,5957.8996
2019-10-23,BUY,COST,245.8092,1234.2228
2019-10-29,SELL,AAPL,57.6458,5524.9996
2019-10-29,SELL,COST,244.6022,1234.2228
2019-10-30,BUY,TSLA,20.5565,15065.5487
2019-10-30,BUY,CHTR,474.3423,652.8942
2019-11-05,SELL,CHTR,478.8653,652.8942
2019-11-06,BUY,AMD,36.6823,8509.4498
2019-11-12,SELL,AMD,37.4787,8509.4498
2019-11-13,BUY,AAPL,62.8523,5066.0167
2019-11-19,SELL,AAPL,63.2849,5066.0167
2019-11-20,BUY,AMAT,58.7313,5450.0369
2019-11-26,SELL,LRCX,25.7954,14872.9069
2019-11-26,SELL,AMAT,56.6833,5450.0369
2019-11-27,BUY,DXCM,54.0143,6400.7941
2019-11-27,BUY,NVDA,5.3332,64827.2391
2019-12-03,SELL,NVDA,5.0746,64827.2391
2019-12-04,BUY,AAPL,62.2036,5280.1694
2019-12-10,SELL,DXCM,51.1655,6400.7941
2019-12-11,BUY,VRTX,218.1935,1498.5528
2019-12-17,SELL,AAPL,66.6406,5280.1694
2019-12-17,SELL,VRTX,215.833,1498.5528
2019-12-18,BUY,AMD,43.1857,7806.1329
2019-12-18,BUY,LRCX,27.6807,12178.6309
2019-12-24,SELL,LRCX,28.3016,12178.6309
2019-12-26,BUY,NVDA,5.8451,58873.3142
2019-12-31,SELL,NVDA,5.7501,58873.3142
2020-01-02,BUY,LRCX,28.6293,11805.4465
2020-01-07,SELL,LRCX,28.4707,11805.4465
2020-01-08,BUY,AAPL,72.0543,4657.1879
2020-02-11,SELL,AAPL,76.1369,4657.1879
2020-02-12,BUY,NVDA,6.6601,53154.6063
2020-02-25,SELL,AMD,48.5661,7806.1329
2020-02-26,BUY,REGN,460.3856,822.148
2020-02-26,SELL,TSLA,50.8219,15065.5487
2020-02-26,SELL,NVDA,6.5406,53154.6063
2020-02-26,SELL,REGN,460.3856,822.148
2020-05-13,BUY,DXCM,96.6668,5135.9818
2020-05-13,BUY,TSLA,51.6155,9618.8062
2020-05-13,BUY,REGN,580.2274,855.6631
2020-05-27,SELL,REGN,546.9392,855.6631
2020-05-28,BUY,NVDA,8.3009,56288.6522
2020-06-02,SELL,NVDA,8.6317,56288.6522
2020-06-03,BUY,DDOG,65.9833,7351.6938
2020-06-09,SELL,DXCM,90.3284,5135.9818
2020-06-10,BUY,CRWD,91.9106,5039.4787
2020-06-16,SELL,DDOG,74.221,7351.6938
2020-06-17,BUY,DXCM,95.7125,5691.7903
2020-06-30,SELL,DXCM,96.2395,5691.7903
2020-07-01,BUY,DDOG,80.9107,6759.2699
2020-07-21,SELL,CRWD,100.7783,5039.4787
2020-07-22,BUY,NVDA,10.2145,49640.8783
2020-07-28,SELL,DDOG,79.915,6759.2699
2020-07-29,BUY,CRWD,106.7532,5051.8524
2020-08-04,SELL,NVDA,10.9865,49640.8783
2020-08-05,BUY,AMD,87.0963,6251.7859
2020-08-11,SELL,CRWD,92.7993,5051.8524
2020-08-12,BUY,NVDA,11.1945,41811.4054
2020-08-25,SELL,AMD,88.1581,6251.7859
2020-08-26,BUY,AAPL,121.1041,4543.7147
2020-09-01,SELL,AAPL,128.4336,4543.7147
2020-09-02,BUY,AMD,92.1091,6325.4407
2020-09-09,SELL,TSLA,119.5112,9618.8062
2020-09-09,SELL,NVDA,12.4456,41811.4054
2020-09-09,SELL,AMD,83.6251,6325.4407
2020-10-07,BUY,TSLA,138.7684,5273.4506
2020-10-07,BUY,DDOG,94.5347,7740.954
2020-10-07,BUY,CRWD,136.6747,5354.2353
2020-10-27,SELL,CRWD,126.1903,5354.2353
2020-10-28,BUY,QCOM,115.2017,5855.5634
2020-10-29,SELL,TSLA,134.0471,5273.4506
2020-10-29,SELL,DDOG,87.2746,7740.954
2020-10-29,SELL,QCOM,119.8067,5855.5634
2020-11-11,BUY,TSLA,136.1027,5095.8513
2020-11-11,BUY,QCOM,139.9419,4956.052
2020-11-11,BUY,NVDA,13.1337,52807.7496
2020-11-17,SELL,NVDA,13.1378,52807.7496
2020-11-18,BUY,HON,195.247,3547.6486
2020-11-24,SELL,HON,201.8292,3547.6486
2020-11-25,BUY,CRWD,141.7703,5042.4689
2020-12-01,SELL,QCOM,143.3245,4956.052
2020-12-01,SELL,CRWD,139.4447,5042.4689
2020-12-02,BUY,LRCX,46.6968,15110.313
2020-12-02,BUY,AMAT,85.1093,8290.5489
2020-12-08,SELL,AMAT,89.5598,8290.5489
2020-12-09,BUY,CRWD,157.0951,4718.8697
2020-12-15,SELL,CRWD,165.3767,4718.8697
2020-12-16,BUY,AMAT,88.3624,8817.567
2020-12-22,SELL,AMAT,85.4585,8817.567
2020-12-23,BUY,CRWD,211.2941,3560.5801
2021-01-05,SELL,LRCX,48.3141,15110.313
2021-01-06,BUY,PANW,53.8891,13525.4032
2021-01-12,SELL,PANW,57.8221,13525.4032
2021-01-13,BUY,AMAT,97.8422,7980.3482
2021-02-02,SELL,AMAT,103.3705,7980.3482
2021-02-03,BUY,WBD,41.3656,19910.5552
2021-02-09,SELL,WBD,44.0922,19910.5552
2021-02-10,BUY,AMAT,105.6557,8295.7697
2021-02-23,SELL,TSLA,228.0201,5095.8513
2021-02-24,BUY,MU,92.8153,12498.9759
2021-03-04,SELL,CRWD,182.4504,3560.5801
2021-03-04,SELL,AMAT,108.2157,8295.7697
2021-03-04,SELL,MU,84.5992,12498.9759
2021-03-17,BUY,WBD,75.0784,11546.1278
2021-03-17,BUY,AMAT,119.873,7231.5247
2021-03-17,BUY,MU,95.0625,9118.8902
2021-03-30,SELL,MU,86.8163,9118.8902
2021-03-31,BUY,LRCX,58.2919,13559.3476
2021-04-06,SELL,WBD,43.9706,11546.1278
2021-04-07,BUY,PLTR,22.794,22237.2277
2021-04-13,SELL,PLTR,25.3024,22237.2277
2021-04-14,BUY,MU,90.9595,6175.8646
2021-04-20,SELL,MU,87.7593,6175.8646
2021-04-21,BUY,PLTR,22.5253,24022.8159
2021-05-04,SELL,PLTR,21.5399,24022.8159
2021-05-05,BUY,GOOG,115.3121,4480.1833
2021-05-11,SELL,LRCX,58.0167,13559.3476
2021-05-11,SELL,GOOG,112.9645,4480.1833
2021-05-12,BUY,CSCO,49.617,13006.6424
2021-05-12,BUY,CMCSA,55.8208,11561.1023
2021-05-18,SELL,CMCSA,54.1744,11561.1023
2021-05-19,BUY,WDC,72.7086,8600.2506
2021-05-25,SELL,CSCO,51.2612,13006.6424
2021-05-26,BUY,LRCX,62.4833,10653.5404
2021-06-08,SELL,LRCX,62.4353,10653.5404
2021-06-09,BUY,NVDA,17.0052,39052.3095
2021-06-15,SELL,WDC,76.443,8600.2506
2021-06-16,BUY,GOOG,123.0032,5336.2519
2021-06-29,SELL,GOOG,123.3183,5336.2519
2021-06-30,BUY,CRWD,237.5854,2765.3358
2021-07-07,SELL,AMAT,135.0754,7231.5247
2021-07-08,BUY,GOOG,126.4091,7714.9321
2021-07-13,SELL,CRWD,246.8974,2765.3358
2021-07-14,BUY,INTU,494.6636,1378.0292
2021-07-27,SELL,NVDA,18.8173,39052.3095
2021-07-28,BUY,GOOGL,132.8694,5521.8356
2021-08-03,SELL,GOOG,133.3599,7714.9321
2021-08-03,SELL,GOOGL,132.4165,5521.8356
2021-08-04,BUY,NVDA,19.8616,44236.6929
2021-08-04,BUY,AMD,121.2569,7245.8812
2021-08-24,SELL,INTU,542.0791,1378.0292
2021-08-25,BUY,REGN,672.7831,1108.5366
2021-08-31,SELL,AMD,113.0384,7245.8812
2021-09-01,BUY,ADBE,657.0501,1244.5796
2021-09-08,SELL,REGN,672.7932,1108.5366
2021-09-08,SELL,ADBE,654.4155,1244.5796
2021-09-09,BUY,ISRG,349.3529,2229.536
2021-09-09,BUY,PANW,72.8083,10697.885
2021-09-14,SELL,ISRG,339.2315,2229.536
2021-09-15,BUY,COST,397.4335,1899.9852
2021-09-21,SELL,COST,389.9978,1899.9852
2021-09-22,BUY,INTU,550.6699,1343.461
2021-10-05,SELL,NVDA,20.0386,44236.6929
2021-10-06,BUY,TSLA,255.3985,3465.2551
2021-10-12,SELL,INTU,516.347,1343.461
2021-10-12,SELL,TSLA,262.8933,3465.2551
2021-10-13,BUY,AMD,111.4457,7187.8711
2021-10-13,BUY,NFLX,59.7987,13395.9068
2021-10-19,SELL,NFLX,60.6761,13395.9068
2021-10-20,BUY,NVDA,21.6573,37470.544
2021-10-26,SELL,PANW,75.9376,10697.885
2021-10-27,BUY,TSLA,338.6368,2395.1051
2021-11-16,SELL,TSLA,344.1412,2395.1051
2021-11-17,BUY,DDOG,172.2318,4778.0641
2021-11-23,SELL,DDOG,162.4189,4778.0641
2021-11-24,BUY,TSLA,364.1326,2127.8113
2021-11-30,SELL,TSLA,373.5165,2127.8113
2021-12-01,BUY,DDOG,148.9399,5327.6542
2021-12-07,SELL,DDOG,160.2373,5327.6542
2021-12-08,BUY,MRVL,90.7308,9393.9632
2021-12-14,SELL,NVDA,27.7689,37470.544
2021-12-15,BUY,DDOG,154.8149,6710.2844
2021-12-21,SELL,DDOG,160.6718,6710.2844
2021-12-22,BUY,AVGO,63.6777,16904.3131
2021-12-28,SELL,AVGO,65.0189,16904.3131
2021-12-29,BUY,DDOG,162.6815,6745.3345
2022-01-04,SELL,DDOG,142.8113,6745.3345
2022-01-05,BUY,TSLA,355.0358,2708.9332
2022-01-11,SELL,MRVL,85.763,9393.9632
2022-01-12,BUY,QCOM,180.6722,4452.0675
2022-01-19,SELL,AMD,130.9559,7187.8711
2022-01-19,SELL,QCOM,167.1523,4452.0675
2022-01-20,BUY,MU,85.552,9834.7737
2022-01-20,BUY,KLAC,38.4468,21884.379
2022-01-25,SELL,MU,81.1774,9834.7737
2022-01-26,BUY,QCOM,161.8509,4924.7951
2022-02-01,SELL,TSLA,303.8517,2708.9332
2022-02-01,SELL,KLAC,38.9233,21884.379
2022-02-02,BUY,AAPL,169.6393,4928.8221
2022-02-02,BUY,PANW,79.5039,10516.7469
2022-02-15,SELL,QCOM,167.6659,4924.7951
2022-02-15,SELL,AAPL,166.9092,4928.8221
2022-02-16,BUY,MU,96.6043,8517.9837
2022-02-16,BUY,DDOG,157.4401,5226.5812
2022-02-23,SELL,PANW,74.5423,10516.7469
2022-02-23,SELL,DDOG,135.2797,5226.5812
2022-02-24,BUY,BKNG,91.9093,8098.2322
2022-02-24,BUY,AVGO,56.3692,13204.0687
2022-03-01,SELL,BKNG,82.9786,8098.2322
2022-03-02,BUY,PANW,90.8442,7385.2187
2022-03-08,SELL,MU,77.5972,8517.9837
2022-03-09,BUY,AMGN,229.3991,2876.7015
2022-03-15,SELL,AVGO,57.6093,13204.0687
2022-03-16,BUY,COST,470.2073,1615.1578
2022-03-22,SELL,AMGN,234.3645,2876.7015
2022-03-23,BUY,CSX,35.3078,19064.239
2022-03-29,SELL,COST,493.2162,1615.1578
2022-03-29,SELL,CSX,36.5595,19064.239
2022-03-30,BUY,TSLA,356.9511,2088.8137
2022-03-30,BUY,NVDA,27.1395,27472.9909
2022-04-12,SELL,TSLA,322.0257,2088.8137
2022-04-12,SELL,NVDA,21.0765,27472.9909
2022-04-13,BUY,COST,511.4832,1221.6251
2022-04-13,BUY,AMGN,251.2528,2486.9002
2022-05-03,SELL,COST,457.7026,1221.6251
2022-05-03,SELL,AMGN,230.1226,2486.9002
2022-05-04,BUY,TMUS,130.8086,4317.8343
2022-05-04,BUY,WMT,42.3646,13332.1313
2022-05-10,SELL,PANW,75.5458,7385.2187
2022-05-10,SELL,TMUS,121.5492,4317.8343
2022-05-11,BUY,AMGN,238.4974,2266.3071
2022-05-11,BUY,PEP,158.9916,3399.603
2022-05-18,SELL,WMT,42.6107,13332.1313
2022-05-19,BUY,MDLZ,60.1358,9431.6734
2022-05-24,SELL,MDLZ,61.6844,9431.6734
2022-05-25,BUY,TMUS,129.1137,4498.7868
2022-06-01,SELL,PEP,168.0986,3399.603
2022-06-02,BUY,WMT,41.8048,13648.0233
2022-06-07,SELL,WMT,40.313,13648.0233
2022-06-08,BUY,BKNG,91.9576,5973.5265
2022-06-14,SELL,TMUS,124.7676,4498.7868
2022-06-14,SELL,BKNG,79.2086,5973.5265
2022-06-15,BUY,PEP,157.8578,3271.2976
2022-06-15,BUY,EA,127.6051,4046.859
2022-06-22,SELL,PEP,158.6571,3271.2976
2022-06-22,SELL,EA,128.2445,4046.859
2022-06-23,BUY,WMT,40.5228,12787.1042
2022-06-23,BUY,KDP,34.9885,14809.7022
2022-07-06,SELL,WMT,41.4552,12787.1042
2022-07-06,SELL,KDP,36.2873,14809.7022
2022-07-13,BUY,COST,483.3646,1102.4653
2022-07-13,BUY,CRWD,170.4165,3127.0019
2022-07-19,SELL,CRWD,179.868,3127.0019
2022-07-20,BUY,EXC,43.7906,12823.4458
2022-07-26,SELL,AMGN,249.1655,2266.3071
2022-07-26,SELL,EXC,44.5099,12823.4458
2022-07-27,BUY,CDNS,171.5355,3304.3788
2022-07-27,BUY,CTAS,99.7976,5679.6784
2022-08-02,SELL,CTAS,105.4076,5679.6784
2022-08-03,BUY,ADP,240.9729,2480.4538
2022-08-16,SELL,COST,550.8138,1102.4653
2022-08-16,SELL,ADP,258.0475,2480.4538
2022-08-17,BUY,AXON,130.8821,4757.4493
2022-08-17,BUY,CRWD,196.1133,3175.0266
2022-08-23,SELL,AXON,126.3961,4757.4493
2022-08-23,SELL,CRWD,191.1678,3175.0266
2022-08-24,BUY,ADP,255.9194,2356.8948
2022-08-24,BUY,COST,541.5222,1113.8511
2022-08-30,SELL,CDNS,174.9624,3304.3788
2022-08-30,SELL,ADP,247.8767,2356.8948
2022-08-30,SELL,COST,533.5294,1113.8511
2022-09-14,BUY,GILD,64.3234,9088.5498
2022-09-14,BUY,CTAS,102.0092,5730.9186
2022-09-14,BUY,COST,512.2005,1141.3625
2022-09-15,SELL,GILD,65.4018,9088.5498
2022-09-15,SELL,CTAS,100.6014,5730.9186
2022-09-15,SELL,COST,507.248,1141.3625
2022-12-07,BUY,AXON,170.0146,3425.3846
2022-12-07,BUY,DXCM,116.1355,5014.5339
2022-12-07,BUY,GILD,87.9079,6624.722
2022-12-08,SELL,AXON,171.4724,3425.3846
2022-12-08,SELL,DXCM,123.4146,5014.5339
2022-12-08,SELL,GILD,87.6783,6624.722
2022-12-14,BUY,AXON,169.745,3503.7006
2022-12-14,BUY,ALNY,234.1183,2540.3211
2022-12-14,BUY,DXCM,119.5205,4976.0137
2022-12-16,SELL,AXON,168.7565,3503.7006
2022-12-16,SELL,ALNY,225.9905,2540.3211
2022-12-16,SELL,DXCM,113.7292,4976.0137
2023-01-25,BUY,AXON,186.7295,3085.5773
2023-01-25,BUY,ASML,656.3441,877.8449
2023-01-25,BUY,BKNG,91.5605,6292.7606
2023-02-14,SELL,ASML,660.7075,877.8449
2023-02-15,BUY,GILD,84.8925,6821.2084
2023-02-22,SELL,BKNG,96.6556,6292.7606
2023-02-22,SELL,GILD,84.4731,6821.2084
2023-02-23,BUY,ABNB,128.0277,4618.3036
2023-02-23,BUY,FTNT,60.3893,9790.986
2023-02-28,SELL,FTNT,59.4207,9790.986
2023-03-01,BUY,BKNG,100.8809,5757.8306
2023-03-07,SELL,ABNB,125.5514,4618.3036
2023-03-08,BUY,FTNT,60.569,9557.7852
2023-03-14,SELL,FTNT,59.8701,9557.7852
2023-03-15,BUY,CDNS,201.697,2832.5098
2023-03-21,SELL,BKNG,100.4491,5757.8306
2023-03-21,SELL,CDNS,207.5482,2832.5098
2023-03-22,BUY,AMD,95.6263,6088.1928
2023-03-22,BUY,AMAT,120.0996,4847.5711
2023-03-28,SELL,AMAT,118.5719,4847.5711
2023-03-29,BUY,BKNG,102.804,5582.1252
2023-04-11,SELL,BKNG,103.0835,5582.1252
2023-04-12,BUY,FTNT,67.3488,8530.2642
2023-04-18,SELL,AMD,91.5924,6088.1928
2023-04-19,BUY,BKNG,107.159,5195.445
2023-04-25,SELL,FTNT,65.0123,8530.2642
2023-04-26,BUY,CPRT,38.3624,14432.9732
2023-05-02,SELL,BKNG,107.2429,5195.445
2023-05-02,SELL,CPRT,38.9864,14432.9732
2023-05-03,BUY,AMD,83.185,6720.3817
2023-05-03,BUY,CCEP,65.4018,8547.6998
2023-05-09,SELL,AXON,221.4074,3085.5773
2023-05-10,BUY,FTNT,67.1391,10159.139
2023-05-16,SELL,CCEP,65.8211,8547.6998
2023-05-16,SELL,FTNT,68.2375,10159.139
2023-05-17,BUY,APP,24.5032,25585.2602
2023-05-17,BUY,CPRT,40.609,15437.9755
2023-05-23,SELL,AMD,107.3288,6720.3817
2023-05-23,SELL,APP,24.7728,25585.2602
2023-05-23,SELL,CPRT,44.1936,15437.9755
2023-05-24,BUY,META,244.9021,2768.5969
2023-05-24,BUY,NVDA,30.1317,22502.3876
2023-05-24,BUY,SHOP,57.264,11840.514
2023-05-31,SELL,SHOP,58.1526,11840.514
2023-06-01,BUY,PLTR,14.3584,47878.1664
2023-07-05,SELL,META,286.9689,2768.5969
2023-07-06,BUY,TSLA,277.8326,2855.061
2023-07-25,SELL,TSLA,272.3109,2855.061
2023-07-26,BUY,META,300.3188,2584.651
2023-08-22,SELL,PLTR,14.7778,47878.1664
2023-08-23,BUY,ADBE,520.2884,1357.7101
2023-08-29,SELL,META,288.6963,2584.651
2023-08-30,BUY,PLTR,15.5167,48011.7709
2023-09-06,SELL,PLTR,15.1273,48011.7709
2023-09-07,BUY,SHOP,64.3334,11271.3665
2023-09-12,SELL,SHOP,63.4647,11271.3665
2023-09-13,BUY,PLTR,15.5466,45938.551
2023-09-19,SELL,ADBE,529.6144,1357.7101
2023-09-20,BUY,CHTR,449.315,1597.7905
2023-09-26,SELL,NVDA,41.9979,22502.3876
2023-09-27,BUY,PDD,94.1286,10023.9476
2023-09-27,SELL,PLTR,14.1887,45938.551
2023-09-27,SELL,CHTR,428.0869,1597.7905
2023-09-27,SELL,PDD,94.1286,10023.9476
2023-10-04,BUY,PLTR,15.3569,49395.6382
2023-10-04,BUY,PDD,97.4037,7787.8343
2023-10-04,BUY,NVDA,43.6604,17374.1852
2023-10-17,SELL,NVDA,43.8142,17374.1852
2023-10-18,BUY,CRWD,185.721,4092.2514
2023-10-26,SELL,PLTR,15.5367,49395.6382
2023-10-26,SELL,PDD,107.838,7787.8343
2023-10-26,SELL,CRWD,175.8458,4092.2514
2023-11-01,BUY,PDD,101.6273,7619.8321
2023-11-01,BUY,PLTR,14.8177,52260.6723
2023-11-01,BUY,CRWD,178.0425,4349.4276
2023-11-21,SELL,CRWD,206.8493,4349.4276
2023-11-22,BUY,INTC,43.9939,20417.2789
2023-12-06,SELL,PLTR,17.6335,52260.6723
2023-12-06,SELL,INTC,42.4063,20417.2789
2023-12-07,BUY,CRWD,237.8926,3750.6386
2023-12-07,BUY,ZS,197.1638,4525.4208
2024-01-03,SELL,ZS,206.35,4525.4208
2024-01-04,BUY,INTC,45.3619,20553.056
2024-01-09,SELL,INTC,47.958,20553.056
2024-01-10,BUY,AMD,149.785,6570.1214
2024-01-30,SELL,PDD,125.3217,7619.8321
2024-01-31,BUY,NVDA,61.3119,15550.0262
2024-02-13,SELL,AMD,166.3102,6570.1214
2024-02-14,BUY,META,468.1867,2330.116
2024-02-21,SELL,NVDA,67.8002,15550.0262
2024-02-22,BUY,PANW,136.4101,7716.4914
2024-02-27,SELL,PANW,157.723,7716.4914
2024-02-28,BUY,NVDA,77.5725,15664.3194
2024-03-05,SELL,META,493.4287,2330.116
2024-03-06,BUY,AMD,209.8048,5471.3046
2024-03-19,SELL,CRWD,316.5245,3750.6386
2024-03-20,BUY,META,498.7208,2376.6184
2024-03-26,SELL,AMD,179.3106,5471.3046
2024-03-26,SELL,META,504.7418,2376.6184
2024-03-27,BUY,MSTR,195.2098,5576.4397
2024-03-27,BUY,MU,118.8814,9156.8208
2024-04-02,SELL,MU,122.0866,9156.8208
2024-04-03,BUY,ARM,122.8255,9087.1673
2024-04-16,SELL,MSTR,130.1565,5576.4397
2024-04-17,BUY,MU,122.1465,5932.6097
2024-04-23,SELL,ARM,96.8745,9087.1673
2024-04-24,BUY,META,507.7073,1731.1262
2024-04-30,SELL,META,430.9826,1731.1262
2024-05-01,BUY,ARM,99.6203,7477.2963
2024-05-21,SELL,ARM,109.3358,7477.2963
2024-05-22,BUY,QCOM,202.5557,4029.643
2024-05-29,SELL,QCOM,208.337,4029.643
2024-05-30,BUY,ARM,120.8784,6934.0723
2024-07-02,SELL,MU,129.5454,5932.6097
2024-07-03,BUY,CRWD,382.9647,2003.6092
2024-07-09,SELL,CRWD,391.3121,2003.6092
2024-07-10,BUY,AVGO,174.3481,4489.7598
2024-07-16,SELL,AVGO,171.9117,4489.7598
2024-07-17,BUY,PLTR,27.8681,27651.9129
2024-07-23,SELL,PLTR,28.4273,27651.9129
2024-07-24,BUY,ALNY,230.6535,3402.552
2024-07-26,SELL,NVDA,115.7262,15664.3194
2024-07-26,SELL,ARM,154.8873,6934.0723
2024-07-26,SELL,ALNY,235.8956,3402.552
2024-07-31,BUY,ARM,142.2863,8629.3494
2024-07-31,BUY,NVDA,113.7092,10798.055
2024-07-31,BUY,TSLA,227.2586,5402.8239
2024-08-02,SELL,ARM,113.5993,8629.3494
2024-08-02,SELL,NVDA,103.5744,10798.055
2024-08-02,SELL,TSLA,213.8987,5402.8239
2024-08-21,BUY,NVDA,127.0292,8525.9619
2024-08-21,BUY,PLTR,32.2715,33560.4517
2024-08-21,BUY,MELI,2006.6555,539.727
2024-08-27,SELL,MELI,1997.0,539.727
2024-08-28,BUY,MSTR,136.8944,7860.874
2024-09-04,SELL,NVDA,104.9024,8525.9619
2024-09-04,SELL,PLTR,29.9151,33560.4517
2024-09-04,SELL,MSTR,120.1295,7860.874
2024-09-18,BUY,PLTR,35.966,26303.8272
2024-09-18,BUY,MELI,2073.8845,456.1698
2024-09-18,BUY,WMT,78.4422,12060.389
2024-09-24,SELL,MELI,2109.491,456.1698
2024-09-24,SELL,WMT,80.1796,12060.389
2024-09-25,BUY,APP,127.9578,7526.6801
2024-09-25,BUY,TSLA,252.0314,3821.339
2024-10-08,SELL,TSLA,243.1647,3821.339
2024-10-09,BUY,MSTR,188.9661,4909.4901
2024-12-31,SELL,MSTR,315.0666,4909.4901
2025-01-02,BUY,TSLA,389.5946,3963.9703
2025-01-07,SELL,TSLA,405.5209,3963.9703
2025-01-08,BUY,MSTR,331.0027,4848.6037
2025-02-25,SELL,MSTR,266.3299,4848.6037
2025-02-26,BUY,SHOP,111.2528,11588.5772
2025-03-04,SELL,SHOP,103.2548,11588.5772
2025-03-05,BUY,TMUS,260.7781,4581.141
2025-03-05,SELL,PLTR,85.9109,26303.8272
2025-03-05,SELL,APP,321.1774,7526.6801
2025-03-05,SELL,TMUS,260.7781,4581.141
2025-05-14,BUY,PLTR,128.7166,15181.8097
2025-05-14,BUY,MSTR,419.3799,4659.6199
2025-05-14,BUY,APP,371.9412,5253.9244
2025-05-28,SELL,MSTR,368.9058,4659.6199
2025-05-29,BUY,AVGO,245.0918,7002.3178
2025-06-10,SELL,APP,387.9272,5253.9244
2025-06-11,BUY,ZS,296.5545,6861.7396
2025-06-17,SELL,AVGO,250.4437,7002.3178
2025-06-18,BUY,CRWD,488.616,3583.3471
2025-06-24,SELL,CRWD,491.262,3583.3471
2025-06-25,BUY,AVGO,265.2714,6625.4633
2025-07-01,SELL,AVGO,273.6888,6625.4633
2025-07-02,BUY,CRWD,488.4662,3706.3243
2025-07-08,SELL,ZS,316.2249,6861.7396
2025-07-08,SELL,CRWD,506.2395,3706.3243
2025-07-09,BUY,MU,124.8923,16172.6063
2025-07-09,BUY,AVGO,273.2095,7392.986
2025-07-15,SELL,AVGO,279.2205,7392.986
2025-07-16,BUY,MSTR,446.5292,4615.5348
2025-07-22,SELL,MU,112.7506,16172.6063
2025-07-22,SELL,MSTR,428.5661,4615.5348
2025-07-23,BUY,AMD,156.4449,12130.313
2025-07-23,BUY,WBD,12.8806,147332.0812
2025-08-05,SELL,WBD,12.8806,147332.0812
2025-08-06,BUY,NVDA,176.7844,10717.5162
2025-08-26,SELL,PLTR,156.0455,15181.8097
2025-08-27,BUY,SHOP,141.9667,16660.6932
2025-09-03,SELL,NVDA,169.9047,10717.5162
2025-09-03,SELL,SHOP,139.4804,16660.6932
2025-09-04,BUY,PLTR,154.5678,13386.2491
2025-09-04,BUY,GOOGL,231.0928,8953.4727
2025-09-09,SELL,AMD,150.8334,12130.313
2025-09-09,SELL,PLTR,155.736,13386.2491
2025-09-10,BUY,AVGO,338.6213,5770.6282
2025-09-10,BUY,APP,564.3121,3462.725
2025-09-16,SELL,GOOGL,251.0229,8953.4727
2025-09-17,BUY,WBD,18.1527,123614.2018
2025-09-23,SELL,AVGO,338.6912,5770.6282
2025-09-24,BUY,WDC,110.5738,17647.3483
2025-10-07,SELL,APP,593.8578,3462.725
2025-10-07,SELL,WBD,18.9914,123614.2018
2025-10-08,BUY,SNDK,121.128,18149.9253
2025-10-08,BUY,MU,186.1803,11808.2533
2025-11-11,SELL,MU,252.6205,11808.2533
2025-11-12,BUY,LITE,261.597,11384.8242
2025-12-09,SELL,WDC,169.6551,17647.3483
2025-12-10,BUY,WBD,28.2076,105970.5231
2025-12-23,SELL,WBD,28.7767,105970.5231
2025-12-24,BUY,WDC,177.733,17130.216
2026-01-06,SELL,WDC,187.658,17130.216
2026-01-07,BUY,MU,344.2828,9322.2223
2026-01-13,SELL,MU,345.3113,9322.2223
2026-01-14,BUY,WDC,213.6989,15039.4799
2026-01-21,SELL,WDC,222.6854,15039.4799
2026-01-22,BUY,MU,391.1124,8549.2466
2026-01-27,SELL,LITE,339.49,11384.8242
2026-01-28,BUY,WDC,252.6205,15275.2958
2026-02-10,SELL,MU,382.1858,8549.2466
2026-02-11,BUY,LITE,560.3881,5821.2781
2026-03-03,SELL,WDC,270.1499,15275.2958
2026-03-04,BUY,MU,377.0,10928.4359
2026-03-23,SELL,SNDK,717.0,18149.9253
2026-03-23,SELL,LITE,739.01,5821.2781
2026-03-23,SELL,MU,413.25,10928.4359
2026-04-15,BUY,SNDK,934.4199,7775.5003
2026-04-15,BUY,LITE,854.0,8507.7075
2026-04-15,BUY,WDC,363.5,19987.8465
2026-05-12,SELL,WDC,513.17,19987.8465
2026-05-13,BUY,INTC,120.31,85119.7975
